[
  {
    "source": "/blog/best-structural-engineering-firms-los-angeles",
    "destination": "/locations/los-angeles-structural-engineering",
    "permanent": true,
    "reason": "Consolidating thin blog post to Los Angeles Location Page"
  },
  {
    "source": "/blog/custom-house-engineering-design-long-beach",
    "destination": "/locations/long-beach-structural-engineering",
    "permanent": true,
    "reason": "Consolidating thin blog post to Long Beach Location Page"
  },
  {
    "source": "/blog/stormwater-design-engineer-fullerton",
    "destination": "/locations/fullerton-structural-engineering",
    "permanent": true,
    "reason": "Consolidating thin blog post to Fullerton Location Page"
  },
  {
    "source": "/blog/when-to-hire-residential-structural-engineer-mission-viejo",
    "destination": "/locations/mission-viejo-structural-engineering",
    "permanent": true,
    "reason": "Consolidating thin blog post to Mission Viejo Location Page"
  },
  {
    "source": "/blog/sustainable-engineering-design-services-irvine",
    "destination": "/locations/irvine-structural-engineering",
    "permanent": true,
    "reason": "Consolidating thin blog post to Irvine Location Page"
  },
  {
    "source": "/blog/residential-structural-engineer-near-me-newport-beach",
    "destination": "/locations/newport-beach-structural-engineering",
    "permanent": true,
    "reason": "Consolidating thin blog post to Newport Beach Location Page"
  },
  {
    "source": "/blog/commercial-building-engineering-design-california-anaheim",
    "destination": "/locations/anaheim-structural-engineering",
    "permanent": true,
    "reason": "Consolidating thin blog post to Anaheim Location Page"
  },
  {
    "source": "/blog/when-to-hire-residential-structural-engineer-santa-ana",
    "destination": "/locations/santa-ana-structural-engineering",
    "permanent": true,
    "reason": "Consolidating thin blog post to Santa Ana Location Page"
  },
  {
    "source": "/blog/how-to-hire-structural-engineer-huntington-beach",
    "destination": "/locations/huntington-beach-structural-engineering",
    "permanent": true,
    "reason": "Consolidating thin blog post to Huntington Beach Location Page"
  },
  {
    "source": "/blog/what-do-structural-engineers-do-costa-mesa",
    "destination": "/locations/costa-mesa-structural-engineering",
    "permanent": true,
    "reason": "Consolidating thin blog post to Costa Mesa Location Page"
  },
  {
    "source": "/blog/engineering-design-services-cost-laguna-beach",
    "destination": "/locations/laguna-beach-structural-engineering",
    "permanent": true,
    "reason": "Consolidating thin blog post to Laguna Beach Location Page"
  },
  {
    "source": "/blog/role-design-engineer-san-diego",
    "destination": "/locations/san-diego-structural-engineering",
    "permanent": true,
    "reason": "Consolidating thin blog post to San Diego Location Page"
  },
  {
    "source": "/blog/civil-engineer-structural-design-capability-lake-forest",
    "destination": "/locations/lake-forest-structural-engineering",
    "permanent": true,
    "reason": "Consolidating thin blog post to Lake Forest Location Page"
  },
  {
    "source": "/blog/engineering-design-services-cost-in-costa-mesa",
    "destination": "/locations/costa-mesa-structural-engineering",
    "permanent": true,
    "reason": "Consolidating thin blog post to Costa Mesa Location Page"
  },
  {
    "source": "/blog/sustainable-engineering-design-services-in-lake-forest",
    "destination": "/locations/lake-forest-structural-engineering",
    "permanent": true,
    "reason": "Consolidating thin blog post to Lake Forest Location Page"
  },
  {
    "source": "/blog/custom-house-engineering-design-in-laguna-beach",
    "destination": "/locations/laguna-beach-structural-engineering",
    "permanent": true,
    "reason": "Consolidating thin blog post to Laguna Beach Location Page"
  },
  {
    "source": "/blog/civil-engineer-structural-design-capability-in-san-diego",
    "destination": "/locations/san-diego-structural-engineering",
    "permanent": true,
    "reason": "Consolidating thin blog post to San Diego Location Page"
  },
  {
    "source": "/blog/professional-design-engineering-services-in-costa-mesa",
    "destination": "/locations/costa-mesa-structural-engineering",
    "permanent": true,
    "reason": "Consolidating thin blog post to Costa Mesa Location Page"
  },
  {
    "source": "/blog/structural-engineer-in-long-beach",
    "destination": "/locations/long-beach-structural-engineering",
    "permanent": true,
    "reason": "Consolidating thin blog post to Long Beach Location Page"
  },
  {
    "source": "/blog/structural-engineering-design-in-irvine",
    "destination": "/locations/irvine-structural-engineering",
    "permanent": true,
    "reason": "Consolidating thin blog post to Irvine Location Page"
  },
  {
    "source": "/blog/residential-structural-engineer-in-los-angeles",
    "destination": "/locations/los-angeles-structural-engineering",
    "permanent": true,
    "reason": "Consolidating thin blog post to Los Angeles Location Page"
  },
  {
    "source": "/blog/engineering-design-consultants-in-santa-ana",
    "destination": "/locations/santa-ana-structural-engineering",
    "permanent": true,
    "reason": "Consolidating thin blog post to Santa Ana Location Page"
  },
  {
    "source": "/blog/building-engineers-near-me-in-anaheim",
    "destination": "/locations/anaheim-structural-engineering",
    "permanent": true,
    "reason": "Consolidating thin blog post to Anaheim Location Page"
  },
  {
    "source": "/blog/house-plan-engineer-in-newport-beach",
    "destination": "/locations/newport-beach-structural-engineering",
    "permanent": true,
    "reason": "Consolidating thin blog post to Newport Beach Location Page"
  },
  {
    "source": "/blog/licensed-engineer-near-me-in-huntington-beach",
    "destination": "/locations/huntington-beach-structural-engineering",
    "permanent": true,
    "reason": "Consolidating thin blog post to Huntington Beach Location Page"
  },
  {
    "source": "/blog/mechanical-engineering-companies-in-san-diego",
    "destination": "/locations/san-diego-structural-engineering",
    "permanent": true,
    "reason": "Consolidating thin blog post to San Diego Location Page"
  },
  {
    "source": "/blog/commercial-structural-engineer-in-irvine",
    "destination": "/locations/irvine-structural-engineering",
    "permanent": true,
    "reason": "Consolidating thin blog post to Irvine Location Page"
  },
  {
    "source": "/blog/commercial-building-codes-in-los-angeles",
    "destination": "/locations/los-angeles-structural-engineering",
    "permanent": true,
    "reason": "Consolidating thin blog post to Los Angeles Location Page"
  },
  {
    "source": "/blog/office-building-structural-engineering-in-newport-beach",
    "destination": "/locations/newport-beach-structural-engineering",
    "permanent": true,
    "reason": "Consolidating thin blog post to Newport Beach Location Page"
  },
  {
    "source": "/blog/warehouse-structural-engineering-in-long-beach",
    "destination": "/locations/long-beach-structural-engineering",
    "permanent": true,
    "reason": "Consolidating thin blog post to Long Beach Location Page"
  },
  {
    "source": "/blog/retail-structural-engineering-in-costa-mesa",
    "destination": "/locations/costa-mesa-structural-engineering",
    "permanent": true,
    "reason": "Consolidating thin blog post to Costa Mesa Location Page"
  },
  {
    "source": "/blog/tenant-improvement-structural-engineering-in-huntington-beach",
    "destination": "/locations/huntington-beach-structural-engineering",
    "permanent": true,
    "reason": "Consolidating thin blog post to Huntington Beach Location Page"
  },
  {
    "source": "/blog/industrial-facility-structural-engineering-in-san-diego",
    "destination": "/locations/san-diego-structural-engineering",
    "permanent": true,
    "reason": "Consolidating thin blog post to San Diego Location Page"
  },
  {
    "source": "/blog/mixed-use-development-structural-engineering-in-anaheim",
    "destination": "/locations/anaheim-structural-engineering",
    "permanent": true,
    "reason": "Consolidating thin blog post to Anaheim Location Page"
  },
  {
    "source": "/blog/parking-structure-engineering-in-fullerton",
    "destination": "/locations/fullerton-structural-engineering",
    "permanent": true,
    "reason": "Consolidating thin blog post to Fullerton Location Page"
  },
  {
    "source": "/blog/tilt-up-construction-engineering-in-santa-ana",
    "destination": "/locations/santa-ana-structural-engineering",
    "permanent": true,
    "reason": "Consolidating thin blog post to Santa Ana Location Page"
  },
  {
    "source": "/blog/shopping-center-structural-engineering-in-rancho-san-diego",
    "destination": "/locations/san-diego-structural-engineering",
    "permanent": true,
    "reason": "Consolidating thin blog post to San Diego Location Page"
  },
  {
    "source": "/blog/civil-engineer-near-me-in-long-beach",
    "destination": "/locations/long-beach-structural-engineering",
    "permanent": true,
    "reason": "Consolidating thin blog post to Long Beach Location Page"
  },
  {
    "source": "/blog/home-addition-structural-engineer-near-me-in-santa-ana",
    "destination": "/locations/santa-ana-structural-engineering",
    "permanent": true,
    "reason": "Consolidating thin blog post to Santa Ana Location Page"
  },
  {
    "source": "/blog/foundation-repair-engineer-near-me-in-anaheim",
    "destination": "/locations/anaheim-structural-engineering",
    "permanent": true,
    "reason": "Consolidating thin blog post to Anaheim Location Page"
  },
  {
    "source": "/blog/laboratory-building-structural-engineering-in-irvine",
    "destination": "/locations/irvine-structural-engineering",
    "permanent": true,
    "reason": "Consolidating thin blog post to Irvine Location Page"
  },
  {
    "source": "/blog/religious-building-structural-engineering-in-newport-beach",
    "destination": "/locations/newport-beach-structural-engineering",
    "permanent": true,
    "reason": "Consolidating thin blog post to Newport Beach Location Page"
  },
  {
    "source": "/blog/convenience-store-structural-engineering-in-huntington-beach",
    "destination": "/locations/huntington-beach-structural-engineering",
    "permanent": true,
    "reason": "Consolidating thin blog post to Huntington Beach Location Page"
  },
  {
    "source": "/blog/seismic-retrofit-engineer-near-me-in-los-angeles",
    "destination": "/locations/los-angeles-structural-engineering",
    "permanent": true,
    "reason": "Consolidating thin blog post to Los Angeles Location Page"
  },
  {
    "source": "/blog/commercial-parking-garage-engineering-in-fullerton",
    "destination": "/locations/fullerton-structural-engineering",
    "permanent": true,
    "reason": "Consolidating thin blog post to Fullerton Location Page"
  },
  {
    "source": "/blog/residential-structural-engineer-near-me-in-costa-mesa",
    "destination": "/locations/costa-mesa-structural-engineering",
    "permanent": true,
    "reason": "Consolidating thin blog post to Costa Mesa Location Page"
  },
  {
    "source": "/blog/structural-engineer-near-me-in-mission-viejo",
    "destination": "/locations/mission-viejo-structural-engineering",
    "permanent": true,
    "reason": "Consolidating thin blog post to Mission Viejo Location Page"
  },
  {
    "source": "/blog/foundation-engineer-near-me-in-laguna-beach",
    "destination": "/locations/laguna-beach-structural-engineering",
    "permanent": true,
    "reason": "Consolidating thin blog post to Laguna Beach Location Page"
  },
  {
    "source": "/blog/adu-structural-engineer-near-me-in-san-diego",
    "destination": "/locations/san-diego-structural-engineering",
    "permanent": true,
    "reason": "Consolidating thin blog post to San Diego Location Page"
  },
  {
    "source": "/blog/commercial-building-addition-engineering-in-lake-forest",
    "destination": "/locations/lake-forest-structural-engineering",
    "permanent": true,
    "reason": "Consolidating thin blog post to Lake Forest Location Page"
  },
  {
    "source": "/blog/grading-plan-engineering-in-rancho-san-diego",
    "destination": "/locations/san-diego-structural-engineering",
    "permanent": true,
    "reason": "Consolidating thin blog post to San Diego Location Page"
  },
  {
    "source": "/blog/residential-structural-engineering-services-in-newport-beach",
    "destination": "/locations/newport-beach-structural-engineering",
    "permanent": true,
    "reason": "Consolidating thin blog post to Newport Beach Location Page"
  },
  {
    "source": "/blog/home-addition-structural-design-in-irvine",
    "destination": "/locations/irvine-structural-engineering",
    "permanent": true,
    "reason": "Consolidating thin blog post to Irvine Location Page"
  },
  {
    "source": "/blog/adu-engineering-requirements-in-los-angeles",
    "destination": "/locations/los-angeles-structural-engineering",
    "permanent": true,
    "reason": "Consolidating thin blog post to Los Angeles Location Page"
  },
  {
    "source": "/blog/seismic-retrofit-engineering-in-san-diego",
    "destination": "/locations/san-diego-structural-engineering",
    "permanent": true,
    "reason": "Consolidating thin blog post to San Diego Location Page"
  },
  {
    "source": "/blog/foundation-assessment-services-in-long-beach",
    "destination": "/locations/long-beach-structural-engineering",
    "permanent": true,
    "reason": "Consolidating thin blog post to Long Beach Location Page"
  },
  {
    "source": "/blog/load-bearing-wall-analysis-in-anaheim",
    "destination": "/locations/anaheim-structural-engineering",
    "permanent": true,
    "reason": "Consolidating thin blog post to Anaheim Location Page"
  },
  {
    "source": "/blog/room-addition-engineer-near-me-in-fullerton",
    "destination": "/locations/fullerton-structural-engineering",
    "permanent": true,
    "reason": "Consolidating thin blog post to Fullerton Location Page"
  },
  {
    "source": "/blog/second-story-addition-engineer-near-me-in-mission-viejo",
    "destination": "/locations/mission-viejo-structural-engineering",
    "permanent": true,
    "reason": "Consolidating thin blog post to Mission Viejo Location Page"
  },
  {
    "source": "/blog/basement-conversion-engineer-near-me-in-lake-forest",
    "destination": "/locations/lake-forest-structural-engineering",
    "permanent": true,
    "reason": "Consolidating thin blog post to Lake Forest Location Page"
  },
  {
    "source": "/blog/engineering-design-services-cost-in-costa-mesa",
    "destination": "/locations/costa-mesa-structural-engineering",
    "permanent": true,
    "reason": "Consolidating thin blog post to Costa Mesa Location Page"
  },
  {
    "source": "/blog/soft-story-retrofit-engineer-in-los-angeles",
    "destination": "/locations/los-angeles-structural-engineering",
    "permanent": true,
    "reason": "Consolidating thin blog post to Los Angeles Location Page"
  },
  {
    "source": "/blog/structural-engineering-quote-near-me-in-newport-beach",
    "destination": "/locations/newport-beach-structural-engineering",
    "permanent": true,
    "reason": "Consolidating thin blog post to Newport Beach Location Page"
  },
  {
    "source": "/blog/affordable-structural-engineer-near-me-in-long-beach",
    "destination": "/locations/long-beach-structural-engineering",
    "permanent": true,
    "reason": "Consolidating thin blog post to Long Beach Location Page"
  },
  {
    "source": "/blog/attic-conversion-structural-engineering-in-irvine",
    "destination": "/locations/irvine-structural-engineering",
    "permanent": true,
    "reason": "Consolidating thin blog post to Irvine Location Page"
  },
  {
    "source": "/blog/balcony-structural-engineering-in-newport-beach",
    "destination": "/locations/newport-beach-structural-engineering",
    "permanent": true,
    "reason": "Consolidating thin blog post to Newport Beach Location Page"
  },
  {
    "source": "/blog/carport-to-garage-conversion-engineering-in-long-beach",
    "destination": "/locations/long-beach-structural-engineering",
    "permanent": true,
    "reason": "Consolidating thin blog post to Long Beach Location Page"
  },
  {
    "source": "/blog/home-elevator-structural-engineering-in-santa-ana",
    "destination": "/locations/santa-ana-structural-engineering",
    "permanent": true,
    "reason": "Consolidating thin blog post to Santa Ana Location Page"
  },
  {
    "source": "/blog/skylight-structural-engineering-in-anaheim",
    "destination": "/locations/anaheim-structural-engineering",
    "permanent": true,
    "reason": "Consolidating thin blog post to Anaheim Location Page"
  },
  {
    "source": "/blog/licensed-structural-engineer-near-me-in-huntington-beach",
    "destination": "/locations/huntington-beach-structural-engineering",
    "permanent": true,
    "reason": "Consolidating thin blog post to Huntington Beach Location Page"
  },
  {
    "source": "/blog/structural-engineering-quote-near-me-in-costa-mesa",
    "destination": "/locations/costa-mesa-structural-engineering",
    "permanent": true,
    "reason": "Consolidating thin blog post to Costa Mesa Location Page"
  },
  {
    "source": "/blog/structural-inspection-near-me-in-fullerton",
    "destination": "/locations/fullerton-structural-engineering",
    "permanent": true,
    "reason": "Consolidating thin blog post to Fullerton Location Page"
  },
  {
    "source": "/blog/outdoor-kitchen-structural-engineering-in-laguna-beach",
    "destination": "/locations/laguna-beach-structural-engineering",
    "permanent": true,
    "reason": "Consolidating thin blog post to Laguna Beach Location Page"
  },
  {
    "source": "/blog/home-theater-room-structural-engineering-in-mission-viejo",
    "destination": "/locations/mission-viejo-structural-engineering",
    "permanent": true,
    "reason": "Consolidating thin blog post to Mission Viejo Location Page"
  },
  {
    "source": "/blog/load-bearing-wall-engineer-near-me-in-lake-forest",
    "destination": "/locations/lake-forest-structural-engineering",
    "permanent": true,
    "reason": "Consolidating thin blog post to Lake Forest Location Page"
  },
  {
    "source": "/blog/sunroom-addition-structural-engineering-in-san-diego",
    "destination": "/locations/san-diego-structural-engineering",
    "permanent": true,
    "reason": "Consolidating thin blog post to San Diego Location Page"
  },
  {
    "source": "/blog/home-office-conversion-structural-engineering-in-los-angeles",
    "destination": "/locations/los-angeles-structural-engineering",
    "permanent": true,
    "reason": "Consolidating thin blog post to Los Angeles Location Page"
  },
  {
    "source": "/blog/adu-structural-engineer-near-me-in-irvine",
    "destination": "/locations/irvine-structural-engineering",
    "permanent": true,
    "reason": "Consolidating thin blog post to Irvine Location Page"
  },
  {
    "source": "/blog/coastal-bluff-engineer-near-me-in-laguna-beach",
    "destination": "/locations/laguna-beach-structural-engineering",
    "permanent": true,
    "reason": "Consolidating thin blog post to Laguna Beach Location Page"
  },
  {
    "source": "/blog/foundation-repair-engineer-near-me-in-huntington-beach",
    "destination": "/locations/huntington-beach-structural-engineering",
    "permanent": true,
    "reason": "Consolidating thin blog post to Huntington Beach Location Page"
  },
  {
    "source": "/blog/multi-family-seismic-retrofit-in-long-beach",
    "destination": "/locations/long-beach-structural-engineering",
    "permanent": true,
    "reason": "Consolidating thin blog post to Long Beach Location Page"
  },
  {
    "source": "/blog/coastal-commission-engineer-near-me-in-newport-beach",
    "destination": "/locations/newport-beach-structural-engineering",
    "permanent": true,
    "reason": "Consolidating thin blog post to Newport Beach Location Page"
  },
  {
    "source": "/blog/home-renovation-structural-engineering-in-rancho-san-diego",
    "destination": "/locations/san-diego-structural-engineering",
    "permanent": true,
    "reason": "Consolidating thin blog post to San Diego Location Page"
  },
  {
    "source": "/blog/commercial-structural-engineer-near-me-in-san-diego",
    "destination": "/locations/san-diego-structural-engineering",
    "permanent": true,
    "reason": "Consolidating thin blog post to San Diego Location Page"
  },
  {
    "source": "/blog/apartment-building-structural-engineering-in-los-angeles",
    "destination": "/locations/los-angeles-structural-engineering",
    "permanent": true,
    "reason": "Consolidating thin blog post to Los Angeles Location Page"
  },
  {
    "source": "/blog/multi-family-structural-engineering-in-san-diego",
    "destination": "/locations/san-diego-structural-engineering",
    "permanent": true,
    "reason": "Consolidating thin blog post to San Diego Location Page"
  },
  {
    "source": "/blog/fireplace-structural-engineering-in-san-diego",
    "destination": "/locations/san-diego-structural-engineering",
    "permanent": true,
    "reason": "Consolidating thin blog post to San Diego Location Page"
  },
  {
    "source": "/blog/residential-structural-engineer-near-me-in-san-diego",
    "destination": "/locations/san-diego-structural-engineering",
    "permanent": true,
    "reason": "Consolidating thin blog post to San Diego Location Page"
  },
  {
    "source": "/blog/seismic-retrofit-engineering-in-long-beach",
    "destination": "/locations/long-beach-structural-engineering",
    "permanent": true,
    "reason": "Consolidating thin blog post to Long Beach Location Page"
  },
  {
    "source": "/blog/residential-structural-engineering-in-fullerton",
    "destination": "/locations/fullerton-structural-engineering",
    "permanent": true,
    "reason": "Consolidating thin blog post to Fullerton Location Page"
  },
  {
    "source": "/blog/commercial-tenant-improvement-engineering-in-costa-mesa",
    "destination": "/locations/costa-mesa-structural-engineering",
    "permanent": true,
    "reason": "Consolidating thin blog post to Costa Mesa Location Page"
  },
  {
    "source": "/blog/oceanfront-foundation-design-in-laguna-beach",
    "destination": "/locations/laguna-beach-structural-engineering",
    "permanent": true,
    "reason": "Consolidating thin blog post to Laguna Beach Location Page"
  },
  {
    "source": "/blog/foundation-repair-engineering-in-rancho-san-diego",
    "destination": "/locations/san-diego-structural-engineering",
    "permanent": true,
    "reason": "Consolidating thin blog post to San Diego Location Page"
  },
  {
    "source": "/blog/commercial-building-structural-assessment-in-irvine",
    "destination": "/locations/irvine-structural-engineering",
    "permanent": true,
    "reason": "Consolidating thin blog post to Irvine Location Page"
  },
  {
    "source": "/blog/flex-space-structural-engineering-in-long-beach",
    "destination": "/locations/long-beach-structural-engineering",
    "permanent": true,
    "reason": "Consolidating thin blog post to Long Beach Location Page"
  },
  {
    "source": "/blog/retail-tenant-improvement-engineering-in-newport-beach",
    "destination": "/locations/newport-beach-structural-engineering",
    "permanent": true,
    "reason": "Consolidating thin blog post to Newport Beach Location Page"
  },
  {
    "source": "/blog/commercial-building-addition-engineering-in-huntington-beach",
    "destination": "/locations/huntington-beach-structural-engineering",
    "permanent": true,
    "reason": "Consolidating thin blog post to Huntington Beach Location Page"
  },
  {
    "source": "/blog/office-building-engineer-near-me-in-mission-viejo",
    "destination": "/locations/mission-viejo-structural-engineering",
    "permanent": true,
    "reason": "Consolidating thin blog post to Mission Viejo Location Page"
  },
  {
    "source": "/blog/office-building-renovation-engineering-in-los-angeles",
    "destination": "/locations/los-angeles-structural-engineering",
    "permanent": true,
    "reason": "Consolidating thin blog post to Los Angeles Location Page"
  },
  {
    "source": "/blog/restaurant-building-structural-engineering-in-costa-mesa",
    "destination": "/locations/costa-mesa-structural-engineering",
    "permanent": true,
    "reason": "Consolidating thin blog post to Costa Mesa Location Page"
  },
  {
    "source": "/blog/auto-service-facility-structural-engineering-in-anaheim",
    "destination": "/locations/anaheim-structural-engineering",
    "permanent": true,
    "reason": "Consolidating thin blog post to Anaheim Location Page"
  },
  {
    "source": "/blog/multi-story-commercial-building-engineering-in-san-diego",
    "destination": "/locations/san-diego-structural-engineering",
    "permanent": true,
    "reason": "Consolidating thin blog post to San Diego Location Page"
  },
  {
    "source": "/blog/coastal-foundation-design-in-newport-beach",
    "destination": "/locations/newport-beach-structural-engineering",
    "permanent": true,
    "reason": "Consolidating thin blog post to Newport Beach Location Page"
  },
  {
    "source": "/blog/office-building-structural-engineering-in-los-angeles",
    "destination": "/locations/los-angeles-structural-engineering",
    "permanent": true,
    "reason": "Consolidating thin blog post to Los Angeles Location Page"
  },
  {
    "source": "/blog/warehouse-structural-engineering-in-anaheim",
    "destination": "/locations/anaheim-structural-engineering",
    "permanent": true,
    "reason": "Consolidating thin blog post to Anaheim Location Page"
  },
  {
    "source": "/blog/retail-center-structural-engineering-in-santa-ana",
    "destination": "/locations/santa-ana-structural-engineering",
    "permanent": true,
    "reason": "Consolidating thin blog post to Santa Ana Location Page"
  },
  {
    "source": "/blog/mixed-use-development-structural-engineering-in-huntington-beach",
    "destination": "/locations/huntington-beach-structural-engineering",
    "permanent": true,
    "reason": "Consolidating thin blog post to Huntington Beach Location Page"
  },
  {
    "source": "/blog/hillside-foundation-engineering-in-laguna-beach",
    "destination": "/locations/laguna-beach-structural-engineering",
    "permanent": true,
    "reason": "Consolidating thin blog post to Laguna Beach Location Page"
  },
  {
    "source": "/blog/foundation-engineer-near-me-in-mission-viejo",
    "destination": "/locations/mission-viejo-structural-engineering",
    "permanent": true,
    "reason": "Consolidating thin blog post to Mission Viejo Location Page"
  },
  {
    "source": "/blog/commercial-structural-engineer-near-me-in-fullerton",
    "destination": "/locations/fullerton-structural-engineering",
    "permanent": true,
    "reason": "Consolidating thin blog post to Fullerton Location Page"
  },
  {
    "source": "/blog/residential-foundation-design-in-irvine",
    "destination": "/locations/irvine-structural-engineering",
    "permanent": true,
    "reason": "Consolidating thin blog post to Irvine Location Page"
  },
  {
    "source": "/blog/foundation-settlement-solutions-in-long-beach",
    "destination": "/locations/long-beach-structural-engineering",
    "permanent": true,
    "reason": "Consolidating thin blog post to Long Beach Location Page"
  },
  {
    "source": "/blog/caisson-foundation-design-in-san-diego",
    "destination": "/locations/san-diego-structural-engineering",
    "permanent": true,
    "reason": "Consolidating thin blog post to San Diego Location Page"
  },
  {
    "source": "/blog/stormwater-management-engineering-in-rancho-san-diego",
    "destination": "/locations/san-diego-structural-engineering",
    "permanent": true,
    "reason": "Consolidating thin blog post to San Diego Location Page"
  },
  {
    "source": "/blog/medical-office-building-structural-engineering-in-mission-viejo",
    "destination": "/locations/mission-viejo-structural-engineering",
    "permanent": true,
    "reason": "Consolidating thin blog post to Mission Viejo Location Page"
  },
  {
    "source": "/blog/commercial-seismic-retrofit-engineering-in-santa-ana",
    "destination": "/locations/santa-ana-structural-engineering",
    "permanent": true,
    "reason": "Consolidating thin blog post to Santa Ana Location Page"
  },
  {
    "source": "/blog/warehouse-structural-engineering-in-lake-forest",
    "destination": "/locations/lake-forest-structural-engineering",
    "permanent": true,
    "reason": "Consolidating thin blog post to Lake Forest Location Page"
  },
  {
    "source": "/blog/structural-engineer-near-me-in-costa-mesa",
    "destination": "/locations/costa-mesa-structural-engineering",
    "permanent": true,
    "reason": "Consolidating thin blog post to Costa Mesa Location Page"
  },
  {
    "source": "/blog/pier-foundation-engineering-in-huntington-beach",
    "destination": "/locations/huntington-beach-structural-engineering",
    "permanent": true,
    "reason": "Consolidating thin blog post to Huntington Beach Location Page"
  },
  {
    "source": "/blog/mep-engineering-design-in-anaheim",
    "destination": "/locations/anaheim-structural-engineering",
    "permanent": true,
    "reason": "Consolidating thin blog post to Anaheim Location Page"
  },
  {
    "source": "/blog/coastal-bluff-engineer-near-me-in-laguna-beach",
    "destination": "/locations/laguna-beach-structural-engineering",
    "permanent": true,
    "reason": "Consolidating thin blog post to Laguna Beach Location Page"
  },
  {
    "source": "/blog/residential-structural-engineer-near-me-in-long-beach",
    "destination": "/locations/long-beach-structural-engineering",
    "permanent": true,
    "reason": "Consolidating thin blog post to Long Beach Location Page"
  },
  {
    "source": "/blog/foundation-inspection-engineering-in-newport-beach",
    "destination": "/locations/newport-beach-structural-engineering",
    "permanent": true,
    "reason": "Consolidating thin blog post to Newport Beach Location Page"
  },
  {
    "source": "/blog/stem-wall-foundation-design-in-irvine",
    "destination": "/locations/irvine-structural-engineering",
    "permanent": true,
    "reason": "Consolidating thin blog post to Irvine Location Page"
  },
  {
    "source": "/blog/pool-structure-engineer-near-me-in-san-diego",
    "destination": "/locations/san-diego-structural-engineering",
    "permanent": true,
    "reason": "Consolidating thin blog post to San Diego Location Page"
  },
  {
    "source": "/blog/balcony-structural-engineer-near-me-in-mission-viejo",
    "destination": "/locations/mission-viejo-structural-engineering",
    "permanent": true,
    "reason": "Consolidating thin blog post to Mission Viejo Location Page"
  },
  {
    "source": "/blog/fireplace-removal-engineer-near-me-in-costa-mesa",
    "destination": "/locations/costa-mesa-structural-engineering",
    "permanent": true,
    "reason": "Consolidating thin blog post to Costa Mesa Location Page"
  },
  {
    "source": "/blog/wall-removal-engineer-near-me-in-fullerton",
    "destination": "/locations/fullerton-structural-engineering",
    "permanent": true,
    "reason": "Consolidating thin blog post to Fullerton Location Page"
  },
  {
    "source": "/blog/seismic-retrofit-engineering-in-newport-beach",
    "destination": "/locations/newport-beach-structural-engineering",
    "permanent": true,
    "reason": "Consolidating thin blog post to Newport Beach Location Page"
  },
  {
    "source": "/blog/hillside-home-structural-engineering-in-laguna-beach",
    "destination": "/locations/laguna-beach-structural-engineering",
    "permanent": true,
    "reason": "Consolidating thin blog post to Laguna Beach Location Page"
  },
  {
    "source": "/blog/commercial-structural-engineering-in-san-diego",
    "destination": "/locations/san-diego-structural-engineering",
    "permanent": true,
    "reason": "Consolidating thin blog post to San Diego Location Page"
  },
  {
    "source": "/blog/adu-structural-engineering-in-irvine",
    "destination": "/locations/irvine-structural-engineering",
    "permanent": true,
    "reason": "Consolidating thin blog post to Irvine Location Page"
  },
  {
    "source": "/blog/warehouse-structural-engineering-in-anaheim",
    "destination": "/locations/anaheim-structural-engineering",
    "permanent": true,
    "reason": "Consolidating thin blog post to Anaheim Location Page"
  },
  {
    "source": "/blog/port-industrial-structural-engineering-in-long-beach",
    "destination": "/locations/long-beach-structural-engineering",
    "permanent": true,
    "reason": "Consolidating thin blog post to Long Beach Location Page"
  },
  {
    "source": "/blog/coastal-home-structural-engineering-in-huntington-beach",
    "destination": "/locations/huntington-beach-structural-engineering",
    "permanent": true,
    "reason": "Consolidating thin blog post to Huntington Beach Location Page"
  },
  {
    "source": "/blog/seismic-retrofit-engineering-in-newport-beach",
    "destination": "/locations/newport-beach-structural-engineering",
    "permanent": true,
    "reason": "Consolidating thin blog post to Newport Beach Location Page"
  },
  {
    "source": "/blog/oceanfront-deck-structural-engineering-in-newport-beach",
    "destination": "/locations/newport-beach-structural-engineering",
    "permanent": true,
    "reason": "Consolidating thin blog post to Newport Beach Location Page"
  },
  {
    "source": "/blog/hillside-home-structural-engineering-in-laguna-beach",
    "destination": "/locations/laguna-beach-structural-engineering",
    "permanent": true,
    "reason": "Consolidating thin blog post to Laguna Beach Location Page"
  },
  {
    "source": "/blog/commercial-structural-engineering-in-san-diego",
    "destination": "/locations/san-diego-structural-engineering",
    "permanent": true,
    "reason": "Consolidating thin blog post to San Diego Location Page"
  },
  {
    "source": "/blog/commercial-tenant-improvement-engineering-in-san-diego",
    "destination": "/locations/san-diego-structural-engineering",
    "permanent": true,
    "reason": "Consolidating thin blog post to San Diego Location Page"
  },
  {
    "source": "/blog/adu-structural-engineering-in-irvine",
    "destination": "/locations/irvine-structural-engineering",
    "permanent": true,
    "reason": "Consolidating thin blog post to Irvine Location Page"
  },
  {
    "source": "/blog/industrial-warehouse-engineering-in-irvine",
    "destination": "/locations/irvine-structural-engineering",
    "permanent": true,
    "reason": "Consolidating thin blog post to Irvine Location Page"
  },
  {
    "source": "/blog/entertainment-venue-structural-engineering-in-anaheim",
    "destination": "/locations/anaheim-structural-engineering",
    "permanent": true,
    "reason": "Consolidating thin blog post to Anaheim Location Page"
  },
  {
    "source": "/blog/warehouse-structural-engineering-in-anaheim",
    "destination": "/locations/anaheim-structural-engineering",
    "permanent": true,
    "reason": "Consolidating thin blog post to Anaheim Location Page"
  },
  {
    "source": "/blog/coastal-home-remodel-engineering-in-huntington-beach",
    "destination": "/locations/huntington-beach-structural-engineering",
    "permanent": true,
    "reason": "Consolidating thin blog post to Huntington Beach Location Page"
  },
  {
    "source": "/blog/port-industrial-structural-engineering-in-long-beach",
    "destination": "/locations/long-beach-structural-engineering",
    "permanent": true,
    "reason": "Consolidating thin blog post to Long Beach Location Page"
  },
  {
    "source": "/blog/coastal-home-structural-engineering-in-huntington-beach",
    "destination": "/locations/huntington-beach-structural-engineering",
    "permanent": true,
    "reason": "Consolidating thin blog post to Huntington Beach Location Page"
  },
  {
    "source": "/blog/port-industrial-engineering-in-long-beach",
    "destination": "/locations/long-beach-structural-engineering",
    "permanent": true,
    "reason": "Consolidating thin blog post to Long Beach Location Page"
  },
  {
    "source": "/blog/biotech-facility-engineering-in-san-diego",
    "destination": "/locations/san-diego-structural-engineering",
    "permanent": true,
    "reason": "Consolidating thin blog post to San Diego Location Page"
  },
  {
    "source": "/blog/commercial-office-complex-engineering-in-irvine",
    "destination": "/locations/irvine-structural-engineering",
    "permanent": true,
    "reason": "Consolidating thin blog post to Irvine Location Page"
  },
  {
    "source": "/blog/harbor-commercial-development-engineering-in-newport-beach",
    "destination": "/locations/newport-beach-structural-engineering",
    "permanent": true,
    "reason": "Consolidating thin blog post to Newport Beach Location Page"
  },
  {
    "source": "/blog/boutique-hotel-structural-engineering-in-laguna-beach",
    "destination": "/locations/laguna-beach-structural-engineering",
    "permanent": true,
    "reason": "Consolidating thin blog post to Laguna Beach Location Page"
  },
  {
    "source": "/blog/commercial-plaza-engineering-in-costa-mesa",
    "destination": "/locations/costa-mesa-structural-engineering",
    "permanent": true,
    "reason": "Consolidating thin blog post to Costa Mesa Location Page"
  },
  {
    "source": "/blog/mixed-commercial-development-engineering-in-fullerton",
    "destination": "/locations/fullerton-structural-engineering",
    "permanent": true,
    "reason": "Consolidating thin blog post to Fullerton Location Page"
  },
  {
    "source": "/blog/business-park-structural-engineering-in-mission-viejo",
    "destination": "/locations/mission-viejo-structural-engineering",
    "permanent": true,
    "reason": "Consolidating thin blog post to Mission Viejo Location Page"
  },
  {
    "source": "/blog/shopping-center-engineering-in-lake-forest",
    "destination": "/locations/lake-forest-structural-engineering",
    "permanent": true,
    "reason": "Consolidating thin blog post to Lake Forest Location Page"
  },
  {
    "source": "/blog/entertainment-venue-engineering-in-anaheim",
    "destination": "/locations/anaheim-structural-engineering",
    "permanent": true,
    "reason": "Consolidating thin blog post to Anaheim Location Page"
  },
  {
    "source": "/blog/coastal-commercial-development-in-huntington-beach",
    "destination": "/locations/huntington-beach-structural-engineering",
    "permanent": true,
    "reason": "Consolidating thin blog post to Huntington Beach Location Page"
  },
  {
    "source": "/blog/foundation-drainage-engineering-in-anaheim",
    "destination": "/locations/anaheim-structural-engineering",
    "permanent": true,
    "reason": "Consolidating thin blog post to Anaheim Location Page"
  },
  {
    "source": "/blog/mat-foundation-design-in-costa-mesa",
    "destination": "/locations/costa-mesa-structural-engineering",
    "permanent": true,
    "reason": "Consolidating thin blog post to Costa Mesa Location Page"
  },
  {
    "source": "/blog/post-tension-foundation-design-in-fullerton",
    "destination": "/locations/fullerton-structural-engineering",
    "permanent": true,
    "reason": "Consolidating thin blog post to Fullerton Location Page"
  },
  {
    "source": "/blog/liquefaction-mitigation-design-in-mission-viejo",
    "destination": "/locations/mission-viejo-structural-engineering",
    "permanent": true,
    "reason": "Consolidating thin blog post to Mission Viejo Location Page"
  },
  {
    "source": "/blog/adu-foundation-design-in-huntington-beach",
    "destination": "/locations/huntington-beach-structural-engineering",
    "permanent": true,
    "reason": "Consolidating thin blog post to Huntington Beach Location Page"
  },
  {
    "source": "/blog/pool-house-engineer-near-me-in-newport-beach",
    "destination": "/locations/newport-beach-structural-engineering",
    "permanent": true,
    "reason": "Consolidating thin blog post to Newport Beach Location Page"
  },
  {
    "source": "/blog/second-story-addition-engineer-near-me-in-long-beach",
    "destination": "/locations/long-beach-structural-engineering",
    "permanent": true,
    "reason": "Consolidating thin blog post to Long Beach Location Page"
  },
  {
    "source": "/blog/slab-foundation-engineering-in-santa-ana",
    "destination": "/locations/santa-ana-structural-engineering",
    "permanent": true,
    "reason": "Consolidating thin blog post to Santa Ana Location Page"
  },
  {
    "source": "/blog/foundation-settlement-solutions-in-anaheim",
    "destination": "/locations/anaheim-structural-engineering",
    "permanent": true,
    "reason": "Consolidating thin blog post to Anaheim Location Page"
  },
  {
    "source": "/blog/slab-foundation-engineering-in-huntington-beach",
    "destination": "/locations/huntington-beach-structural-engineering",
    "permanent": true,
    "reason": "Consolidating thin blog post to Huntington Beach Location Page"
  },
  {
    "source": "/blog/commercial-building-renovation-in-santa-ana",
    "destination": "/locations/santa-ana-structural-engineering",
    "permanent": true,
    "reason": "Consolidating thin blog post to Santa Ana Location Page"
  },
  {
    "source": "/blog/multi-tenant-commercial-engineering-in-costa-mesa",
    "destination": "/locations/costa-mesa-structural-engineering",
    "permanent": true,
    "reason": "Consolidating thin blog post to Costa Mesa Location Page"
  },
  {
    "source": "/blog/restaurant-building-structural-design-in-fullerton",
    "destination": "/locations/fullerton-structural-engineering",
    "permanent": true,
    "reason": "Consolidating thin blog post to Fullerton Location Page"
  },
  {
    "source": "/blog/residential-structural-engineer-near-me-in-mission-viejo",
    "destination": "/locations/mission-viejo-structural-engineering",
    "permanent": true,
    "reason": "Consolidating thin blog post to Mission Viejo Location Page"
  },
  {
    "source": "/blog/structural-engineer-near-me-in-lake-forest",
    "destination": "/locations/lake-forest-structural-engineering",
    "permanent": true,
    "reason": "Consolidating thin blog post to Lake Forest Location Page"
  },
  {
    "source": "/blog/data-center-structural-engineering-in-san-diego",
    "destination": "/locations/san-diego-structural-engineering",
    "permanent": true,
    "reason": "Consolidating thin blog post to San Diego Location Page"
  },
  {
    "source": "/blog/foundation-load-capacity-engineering-in-anaheim",
    "destination": "/locations/anaheim-structural-engineering",
    "permanent": true,
    "reason": "Consolidating thin blog post to Anaheim Location Page"
  },
  {
    "source": "/blog/emergency-structural-engineer-near-me-in-newport-beach",
    "destination": "/locations/newport-beach-structural-engineering",
    "permanent": true,
    "reason": "Consolidating thin blog post to Newport Beach Location Page"
  },
  {
    "source": "/blog/same-day-structural-engineer-near-me-in-costa-mesa",
    "destination": "/locations/costa-mesa-structural-engineering",
    "permanent": true,
    "reason": "Consolidating thin blog post to Costa Mesa Location Page"
  },
  {
    "source": "/blog/24-hour-structural-engineer-near-me-in-santa-ana",
    "destination": "/locations/santa-ana-structural-engineering",
    "permanent": true,
    "reason": "Consolidating thin blog post to Santa Ana Location Page"
  },
  {
    "source": "/blog/foundation-crack-engineer-near-me-in-huntington-beach",
    "destination": "/locations/huntington-beach-structural-engineering",
    "permanent": true,
    "reason": "Consolidating thin blog post to Huntington Beach Location Page"
  },
  {
    "source": "/blog/earthquake-damage-engineer-near-me-in-los-angeles",
    "destination": "/locations/los-angeles-structural-engineering",
    "permanent": true,
    "reason": "Consolidating thin blog post to Los Angeles Location Page"
  },
  {
    "source": "/blog/crawl-space-foundation-repair-in-long-beach",
    "destination": "/locations/long-beach-structural-engineering",
    "permanent": true,
    "reason": "Consolidating thin blog post to Long Beach Location Page"
  },
  {
    "source": "/blog/post-tension-slab-foundation-design-in-irvine",
    "destination": "/locations/irvine-structural-engineering",
    "permanent": true,
    "reason": "Consolidating thin blog post to Irvine Location Page"
  },
  {
    "source": "/blog/retail-center-structural-engineering-in-laguna-beach",
    "destination": "/locations/laguna-beach-structural-engineering",
    "permanent": true,
    "reason": "Consolidating thin blog post to Laguna Beach Location Page"
  },
  {
    "source": "/blog/seismic-retrofit-engineer-near-me-in-mission-viejo",
    "destination": "/locations/mission-viejo-structural-engineering",
    "permanent": true,
    "reason": "Consolidating thin blog post to Mission Viejo Location Page"
  },
  {
    "source": "/blog/residential-structural-engineer-near-me-in-fullerton",
    "destination": "/locations/fullerton-structural-engineering",
    "permanent": true,
    "reason": "Consolidating thin blog post to Fullerton Location Page"
  },
  {
    "source": "/blog/commercial-structural-engineer-near-me-in-lake-forest",
    "destination": "/locations/lake-forest-structural-engineering",
    "permanent": true,
    "reason": "Consolidating thin blog post to Lake Forest Location Page"
  },
  {
    "source": "/blog/load-bearing-wall-engineer-near-me-in-costa-mesa",
    "destination": "/locations/costa-mesa-structural-engineering",
    "permanent": true,
    "reason": "Consolidating thin blog post to Costa Mesa Location Page"
  },
  {
    "source": "/blog/seismic-foundation-design-in-los-angeles",
    "destination": "/locations/los-angeles-structural-engineering",
    "permanent": true,
    "reason": "Consolidating thin blog post to Los Angeles Location Page"
  },
  {
    "source": "/blog/foundation-engineering-for-adus-in-san-diego",
    "destination": "/locations/san-diego-structural-engineering",
    "permanent": true,
    "reason": "Consolidating thin blog post to San Diego Location Page"
  },
  {
    "source": "/blog/garage-conversion-engineer-near-me-in-huntington-beach",
    "destination": "/locations/huntington-beach-structural-engineering",
    "permanent": true,
    "reason": "Consolidating thin blog post to Huntington Beach Location Page"
  },
  {
    "source": "/blog/same-day-structural-engineer-near-me-in-anaheim",
    "destination": "/locations/anaheim-structural-engineering",
    "permanent": true,
    "reason": "Consolidating thin blog post to Anaheim Location Page"
  },
  {
    "source": "/blog/24-hour-structural-engineer-near-me-in-san-diego",
    "destination": "/locations/san-diego-structural-engineering",
    "permanent": true,
    "reason": "Consolidating thin blog post to San Diego Location Page"
  },
  {
    "source": "/blog/multi-family-apartment-structural-engineering-in-long-beach",
    "destination": "/locations/long-beach-structural-engineering",
    "permanent": true,
    "reason": "Consolidating thin blog post to Long Beach Location Page"
  },
  {
    "source": "/blog/room-addition-structural-engineer-near-me-in-irvine",
    "destination": "/locations/irvine-structural-engineering",
    "permanent": true,
    "reason": "Consolidating thin blog post to Irvine Location Page"
  },
  {
    "source": "/blog/second-story-addition-structural-engineer-near-me-in-santa-ana",
    "destination": "/locations/santa-ana-structural-engineering",
    "permanent": true,
    "reason": "Consolidating thin blog post to Santa Ana Location Page"
  },
  {
    "source": "/blog/pool-house-structural-engineer-near-me-in-newport-beach",
    "destination": "/locations/newport-beach-structural-engineering",
    "permanent": true,
    "reason": "Consolidating thin blog post to Newport Beach Location Page"
  },
  {
    "source": "/blog/structural-engineer-near-me-in-irvine",
    "destination": "/locations/irvine-structural-engineering",
    "permanent": true,
    "reason": "Consolidating thin blog post to Irvine Location Page"
  },
  {
    "source": "/blog/adu-structural-engineer-near-me-in-long-beach",
    "destination": "/locations/long-beach-structural-engineering",
    "permanent": true,
    "reason": "Consolidating thin blog post to Long Beach Location Page"
  },
  {
    "source": "/blog/expansive-soil-foundation-solutions-in-anaheim-hills",
    "destination": "/locations/anaheim-structural-engineering",
    "permanent": true,
    "reason": "Consolidating thin blog post to Anaheim Location Page"
  },
  {
    "source": "/blog/residential-structural-engineer-near-me-in-newport-beach",
    "destination": "/locations/newport-beach-structural-engineering",
    "permanent": true,
    "reason": "Consolidating thin blog post to Newport Beach Location Page"
  },
  {
    "source": "/blog/caisson-foundation-engineering-in-laguna-beach",
    "destination": "/locations/laguna-beach-structural-engineering",
    "permanent": true,
    "reason": "Consolidating thin blog post to Laguna Beach Location Page"
  },
  {
    "source": "/blog/residential-foundation-repair-engineering-in-anaheim",
    "destination": "/locations/anaheim-structural-engineering",
    "permanent": true,
    "reason": "Consolidating thin blog post to Anaheim Location Page"
  },
  {
    "source": "/blog/mep-engineer-near-me-in-fullerton",
    "destination": "/locations/fullerton-structural-engineering",
    "permanent": true,
    "reason": "Consolidating thin blog post to Fullerton Location Page"
  },
  {
    "source": "/blog/commercial-building-structural-permits-in-long-beach",
    "destination": "/locations/long-beach-structural-engineering",
    "permanent": true,
    "reason": "Consolidating thin blog post to Long Beach Location Page"
  },
  {
    "source": "/blog/liquefaction-zone-foundation-engineering-in-long-beach",
    "destination": "/locations/long-beach-structural-engineering",
    "permanent": true,
    "reason": "Consolidating thin blog post to Long Beach Location Page"
  },
  {
    "source": "/blog/foundation-engineering-for-pool-houses-in-newport-beach",
    "destination": "/locations/newport-beach-structural-engineering",
    "permanent": true,
    "reason": "Consolidating thin blog post to Newport Beach Location Page"
  },
  {
    "source": "/blog/mep-engineer-near-me-in-fullerton",
    "destination": "/locations/fullerton-structural-engineering",
    "permanent": true,
    "reason": "Consolidating thin blog post to Fullerton Location Page"
  },
  {
    "source": "/blog/commercial-building-structural-permits-in-long-beach",
    "destination": "/locations/long-beach-structural-engineering",
    "permanent": true,
    "reason": "Consolidating thin blog post to Long Beach Location Page"
  },
  {
    "source": "/blog/liquefaction-zone-foundation-engineering-in-long-beach",
    "destination": "/locations/long-beach-structural-engineering",
    "permanent": true,
    "reason": "Consolidating thin blog post to Long Beach Location Page"
  },
  {
    "source": "/blog/foundation-engineering-for-pool-houses-in-newport-beach",
    "destination": "/locations/newport-beach-structural-engineering",
    "permanent": true,
    "reason": "Consolidating thin blog post to Newport Beach Location Page"
  },
  {
    "source": "/blog/load-bearing-wall-engineer-near-me-in-fullerton",
    "destination": "/locations/fullerton-structural-engineering",
    "permanent": true,
    "reason": "Consolidating thin blog post to Fullerton Location Page"
  },
  {
    "source": "/blog/foundation-settlement-repair-in-fullerton",
    "destination": "/locations/fullerton-structural-engineering",
    "permanent": true,
    "reason": "Consolidating thin blog post to Fullerton Location Page"
  },
  {
    "source": "/blog/parking-structure-engineering-in-costa-mesa",
    "destination": "/locations/costa-mesa-structural-engineering",
    "permanent": true,
    "reason": "Consolidating thin blog post to Costa Mesa Location Page"
  },
  {
    "source": "/blog/foundation-settlement-repair-in-fullerton",
    "destination": "/locations/fullerton-structural-engineering",
    "permanent": true,
    "reason": "Consolidating thin blog post to Fullerton Location Page"
  },
  {
    "source": "/blog/parking-structure-engineering-in-costa-mesa",
    "destination": "/locations/costa-mesa-structural-engineering",
    "permanent": true,
    "reason": "Consolidating thin blog post to Costa Mesa Location Page"
  },
  {
    "source": "/blog/foundation-settlement-repair-in-fullerton",
    "destination": "/locations/fullerton-structural-engineering",
    "permanent": true,
    "reason": "Consolidating thin blog post to Fullerton Location Page"
  },
  {
    "source": "/blog/emergency-structural-engineer-near-me-in-long-beach",
    "destination": "/locations/long-beach-structural-engineering",
    "permanent": true,
    "reason": "Consolidating thin blog post to Long Beach Location Page"
  },
  {
    "source": "/blog/same-day-structural-engineer-near-me-in-irvine",
    "destination": "/locations/irvine-structural-engineering",
    "permanent": true,
    "reason": "Consolidating thin blog post to Irvine Location Page"
  },
  {
    "source": "/blog/24-hour-structural-engineer-near-me-in-san-diego",
    "destination": "/locations/san-diego-structural-engineering",
    "permanent": true,
    "reason": "Consolidating thin blog post to San Diego Location Page"
  },
  {
    "source": "/blog/foundation-crack-structural-engineer-near-me-in-costa-mesa",
    "destination": "/locations/costa-mesa-structural-engineering",
    "permanent": true,
    "reason": "Consolidating thin blog post to Costa Mesa Location Page"
  },
  {
    "source": "/blog/commercial-tenant-improvement-engineering-in-newport-beach",
    "destination": "/locations/newport-beach-structural-engineering",
    "permanent": true,
    "reason": "Consolidating thin blog post to Newport Beach Location Page"
  },
  {
    "source": "/blog/mep-engineer-near-me-in-irvine",
    "destination": "/locations/irvine-structural-engineering",
    "permanent": true,
    "reason": "Consolidating thin blog post to Irvine Location Page"
  },
  {
    "source": "/blog/civil-engineer-near-me-in-san-diego",
    "destination": "/locations/san-diego-structural-engineering",
    "permanent": true,
    "reason": "Consolidating thin blog post to San Diego Location Page"
  },
  {
    "source": "/blog/home-addition-structural-engineer-near-me-in-huntington-beach",
    "destination": "/locations/huntington-beach-structural-engineering",
    "permanent": true,
    "reason": "Consolidating thin blog post to Huntington Beach Location Page"
  },
  {
    "source": "/blog/mixed-use-development-engineering-in-newport-beach",
    "destination": "/locations/newport-beach-structural-engineering",
    "permanent": true,
    "reason": "Consolidating thin blog post to Newport Beach Location Page"
  },
  {
    "source": "/blog/foundation-inspection-services-in-laguna-beach",
    "destination": "/locations/laguna-beach-structural-engineering",
    "permanent": true,
    "reason": "Consolidating thin blog post to Laguna Beach Location Page"
  },
  {
    "source": "/blog/commercial-structural-engineer-near-me-in-anaheim",
    "destination": "/locations/anaheim-structural-engineering",
    "permanent": true,
    "reason": "Consolidating thin blog post to Anaheim Location Page"
  },
  {
    "source": "/blog/office-building-structural-design-in-laguna-beach",
    "destination": "/locations/laguna-beach-structural-engineering",
    "permanent": true,
    "reason": "Consolidating thin blog post to Laguna Beach Location Page"
  },
  {
    "source": "/blog/commercial-structural-engineer-near-me-in-irvine",
    "destination": "/locations/irvine-structural-engineering",
    "permanent": true,
    "reason": "Consolidating thin blog post to Irvine Location Page"
  },
  {
    "source": "/blog/mep-engineer-near-me-in-santa-ana",
    "destination": "/locations/santa-ana-structural-engineering",
    "permanent": true,
    "reason": "Consolidating thin blog post to Santa Ana Location Page"
  },
  {
    "source": "/blog/civil-engineer-near-me-in-anaheim",
    "destination": "/locations/anaheim-structural-engineering",
    "permanent": true,
    "reason": "Consolidating thin blog post to Anaheim Location Page"
  },
  {
    "source": "/blog/home-addition-structural-engineer-near-me-in-fullerton",
    "destination": "/locations/fullerton-structural-engineering",
    "permanent": true,
    "reason": "Consolidating thin blog post to Fullerton Location Page"
  },
  {
    "source": "/blog/warehouse-structural-engineering-in-san-diego",
    "destination": "/locations/san-diego-structural-engineering",
    "permanent": true,
    "reason": "Consolidating thin blog post to San Diego Location Page"
  },
  {
    "source": "/blog/commercial-tenant-improvement-engineering-in-long-beach",
    "destination": "/locations/long-beach-structural-engineering",
    "permanent": true,
    "reason": "Consolidating thin blog post to Long Beach Location Page"
  },
  {
    "source": "/blog/multi-family-structural-engineering-in-newport-beach",
    "destination": "/locations/newport-beach-structural-engineering",
    "permanent": true,
    "reason": "Consolidating thin blog post to Newport Beach Location Page"
  },
  {
    "source": "/blog/seismic-foundation-retrofit-in-huntington-beach",
    "destination": "/locations/huntington-beach-structural-engineering",
    "permanent": true,
    "reason": "Consolidating thin blog post to Huntington Beach Location Page"
  },
  {
    "source": "/blog/expansive-soil-foundation-engineering-in-costa-mesa",
    "destination": "/locations/costa-mesa-structural-engineering",
    "permanent": true,
    "reason": "Consolidating thin blog post to Costa Mesa Location Page"
  },
  {
    "source": "/blog/commercial-structural-engineer-near-me-in-anaheim",
    "destination": "/locations/anaheim-structural-engineering",
    "permanent": true,
    "reason": "Consolidating thin blog post to Anaheim Location Page"
  },
  {
    "source": "/blog/mep-engineer-near-me-in-costa-mesa",
    "destination": "/locations/costa-mesa-structural-engineering",
    "permanent": true,
    "reason": "Consolidating thin blog post to Costa Mesa Location Page"
  },
  {
    "source": "/blog/civil-engineer-near-me-in-fullerton",
    "destination": "/locations/fullerton-structural-engineering",
    "permanent": true,
    "reason": "Consolidating thin blog post to Fullerton Location Page"
  },
  {
    "source": "/blog/foundation-repair-engineer-near-me-in-santa-ana",
    "destination": "/locations/santa-ana-structural-engineering",
    "permanent": true,
    "reason": "Consolidating thin blog post to Santa Ana Location Page"
  },
  {
    "source": "/blog/coastal-bluff-foundation-engineering-in-laguna-beach",
    "destination": "/locations/laguna-beach-structural-engineering",
    "permanent": true,
    "reason": "Consolidating thin blog post to Laguna Beach Location Page"
  },
  {
    "source": "/blog/adu-foundation-engineering-in-irvine",
    "destination": "/locations/irvine-structural-engineering",
    "permanent": true,
    "reason": "Consolidating thin blog post to Irvine Location Page"
  },
  {
    "source": "/blog/second-story-addition-engineering-in-long-beach",
    "destination": "/locations/long-beach-structural-engineering",
    "permanent": true,
    "reason": "Consolidating thin blog post to Long Beach Location Page"
  },
  {
    "source": "/blog/data-center-structural-engineering-in-irvine",
    "destination": "/locations/irvine-structural-engineering",
    "permanent": true,
    "reason": "Consolidating thin blog post to Irvine Location Page"
  },
  {
    "source": "/blog/room-addition-engineer-near-me-in-long-beach",
    "destination": "/locations/long-beach-structural-engineering",
    "permanent": true,
    "reason": "Consolidating thin blog post to Long Beach Location Page"
  },
  {
    "source": "/blog/corporate-headquarters-structural-engineering-in-los-angeles",
    "destination": "/locations/los-angeles-structural-engineering",
    "permanent": true,
    "reason": "Consolidating thin blog post to Los Angeles Location Page"
  },
  {
    "source": "/blog/event-venue-structural-engineering-in-san-diego",
    "destination": "/locations/san-diego-structural-engineering",
    "permanent": true,
    "reason": "Consolidating thin blog post to San Diego Location Page"
  },
  {
    "source": "/blog/senior-living-facility-structural-engineering-in-newport-beach",
    "destination": "/locations/newport-beach-structural-engineering",
    "permanent": true,
    "reason": "Consolidating thin blog post to Newport Beach Location Page"
  },
  {
    "source": "/blog/industrial-kitchen-structural-engineering-in-costa-mesa",
    "destination": "/locations/costa-mesa-structural-engineering",
    "permanent": true,
    "reason": "Consolidating thin blog post to Costa Mesa Location Page"
  },
  {
    "source": "/blog/flex-space-structural-engineering-in-anaheim",
    "destination": "/locations/anaheim-structural-engineering",
    "permanent": true,
    "reason": "Consolidating thin blog post to Anaheim Location Page"
  },
  {
    "source": "/blog/pool-house-engineer-near-me-in-laguna-beach",
    "destination": "/locations/laguna-beach-structural-engineering",
    "permanent": true,
    "reason": "Consolidating thin blog post to Laguna Beach Location Page"
  },
  {
    "source": "/blog/home-addition-structural-engineer-near-me-in-huntington-beach",
    "destination": "/locations/huntington-beach-structural-engineering",
    "permanent": true,
    "reason": "Consolidating thin blog post to Huntington Beach Location Page"
  },
  {
    "source": "/blog/foundation-repair-engineer-near-me-in-irvine",
    "destination": "/locations/irvine-structural-engineering",
    "permanent": true,
    "reason": "Consolidating thin blog post to Irvine Location Page"
  },
  {
    "source": "/blog/industrial-warehouse-structural-engineering-in-anaheim",
    "destination": "/locations/anaheim-structural-engineering",
    "permanent": true,
    "reason": "Consolidating thin blog post to Anaheim Location Page"
  },
  {
    "source": "/blog/retail-center-structural-engineering-in-long-beach",
    "destination": "/locations/long-beach-structural-engineering",
    "permanent": true,
    "reason": "Consolidating thin blog post to Long Beach Location Page"
  },
  {
    "source": "/blog/hillside-foundation-engineering-in-laguna-beach",
    "destination": "/locations/laguna-beach-structural-engineering",
    "permanent": true,
    "reason": "Consolidating thin blog post to Laguna Beach Location Page"
  },
  {
    "source": "/blog/coastal-foundation-design-in-newport-beach",
    "destination": "/locations/newport-beach-structural-engineering",
    "permanent": true,
    "reason": "Consolidating thin blog post to Newport Beach Location Page"
  },
  {
    "source": "/blog/foundation-repair-engineering-in-san-diego",
    "destination": "/locations/san-diego-structural-engineering",
    "permanent": true,
    "reason": "Consolidating thin blog post to San Diego Location Page"
  },
  {
    "source": "/blog/post-tension-slab-foundation-design-in-anaheim",
    "destination": "/locations/anaheim-structural-engineering",
    "permanent": true,
    "reason": "Consolidating thin blog post to Anaheim Location Page"
  },
  {
    "source": "/blog/licensed-structural-engineer-near-me-in-irvine",
    "destination": "/locations/irvine-structural-engineering",
    "permanent": true,
    "reason": "Consolidating thin blog post to Irvine Location Page"
  },
  {
    "source": "/blog/structural-engineering-quote-near-me-in-long-beach",
    "destination": "/locations/long-beach-structural-engineering",
    "permanent": true,
    "reason": "Consolidating thin blog post to Long Beach Location Page"
  },
  {
    "source": "/blog/affordable-structural-engineer-near-me-in-mission-viejo",
    "destination": "/locations/mission-viejo-structural-engineering",
    "permanent": true,
    "reason": "Consolidating thin blog post to Mission Viejo Location Page"
  },
  {
    "source": "/blog/office-building-structural-engineering-in-los-angeles",
    "destination": "/locations/los-angeles-structural-engineering",
    "permanent": true,
    "reason": "Consolidating thin blog post to Los Angeles Location Page"
  },
  {
    "source": "/blog/retail-center-structural-engineering-in-san-diego",
    "destination": "/locations/san-diego-structural-engineering",
    "permanent": true,
    "reason": "Consolidating thin blog post to San Diego Location Page"
  },
  {
    "source": "/blog/tilt-up-construction-engineering-in-costa-mesa",
    "destination": "/locations/costa-mesa-structural-engineering",
    "permanent": true,
    "reason": "Consolidating thin blog post to Costa Mesa Location Page"
  },
  {
    "source": "/blog/foundation-repair-engineering-in-newport-beach",
    "destination": "/locations/newport-beach-structural-engineering",
    "permanent": true,
    "reason": "Consolidating thin blog post to Newport Beach Location Page"
  },
  {
    "source": "/blog/hillside-foundation-engineering-in-laguna-beach",
    "destination": "/locations/laguna-beach-structural-engineering",
    "permanent": true,
    "reason": "Consolidating thin blog post to Laguna Beach Location Page"
  },
  {
    "source": "/blog/cmu-building-structural-engineering-in-anaheim",
    "destination": "/locations/anaheim-structural-engineering",
    "permanent": true,
    "reason": "Consolidating thin blog post to Anaheim Location Page"
  },
  {
    "source": "/blog/parking-structure-structural-engineering-in-los-angeles",
    "destination": "/locations/los-angeles-structural-engineering",
    "permanent": true,
    "reason": "Consolidating thin blog post to Los Angeles Location Page"
  },
  {
    "source": "/blog/steel-building-structural-engineering-in-san-diego",
    "destination": "/locations/san-diego-structural-engineering",
    "permanent": true,
    "reason": "Consolidating thin blog post to San Diego Location Page"
  },
  {
    "source": "/blog/hotel-structural-engineering-in-newport-beach",
    "destination": "/locations/newport-beach-structural-engineering",
    "permanent": true,
    "reason": "Consolidating thin blog post to Newport Beach Location Page"
  },
  {
    "source": "/blog/gym-structural-engineering-in-huntington-beach",
    "destination": "/locations/huntington-beach-structural-engineering",
    "permanent": true,
    "reason": "Consolidating thin blog post to Huntington Beach Location Page"
  },
  {
    "source": "/blog/shopping-center-structural-engineering-in-irvine",
    "destination": "/locations/irvine-structural-engineering",
    "permanent": true,
    "reason": "Consolidating thin blog post to Irvine Location Page"
  },
  {
    "source": "/blog/auto-repair-shop-structural-engineering-in-long-beach",
    "destination": "/locations/long-beach-structural-engineering",
    "permanent": true,
    "reason": "Consolidating thin blog post to Long Beach Location Page"
  }
]